filepath,grade,title,url
images/10_PSA_10_GEM_MINT_Articuno_AR_102_100_Pokemon_JP_Bat.jpg,10,PSA 10 GEM MINT Articuno AR 102/100 Pokemon JP Battle Partners Sv9,https://www.ebay.com/itm/226765207530?_skw=psa+pokemon+card&epid=4074590042&itmmeta=01JWE7ZXV5V8PC6SQ0W89G41DN&hash=item34cc4277ea:g:4lYAAOSwBnVoLPMz&itmprp=enc%3AAQAKAAAA8FkggFvd1GGDu0w3yXCmi1eojuQeU9ANh7sARdJ2X4%2F%2Bt%2FCPeTS6hgIZdfmtytJZmCfjSgKL0VAwojgPVnFg94tskoVSQwMhmcbKhNLyhcm0NSj%2BVUMbfW5ewplg5pwttLR4p2gfHaOgDvYTnt1xpMyp%2FklLyH6UJMzv7sof8YPc9sQj4MdB6VLSsdjL%2BxfzFVwQ%2BSarz1FxvfD5jdbeSAtweloJx6oZqyCKgtMmkowcK3Yo38HHDV6RdEKvPD19KavG5%2BMZezfiWeW%2FnqjvG4Mg5ZAVFG266kDXh0dvgyU9xgIserLZRShauIbzFvkmCg%3D%3D%7Ctkp%3ABk9SR-jd_8fjZQ
images/10_PSA_10_ALL_GEM_MINT_Graded_Pokemon_Card_Mystery_Sl.jpg,10,PSA 10 ALL GEM MINT Graded Pokemon Card Mystery Slab Bag Vintage & Modern,https://www.ebay.com/itm/225906863951?_skw=psa+pokemon+card&itmmeta=01JWE7ZXV6RTNXTN7NET3TM71S&hash=item3499192f4f:g:GbkAAOSwvmllchYa&itmprp=enc%3AAQAKAAAA8FkggFvd1GGDu0w3yXCmi1czFNwebyTNX%2BrhTMXcSebGxqMnimO9zb6n2n8quvLgY6PQwbxUOrxoyYpNXywpVqhPh1hax5KwN69z7a1UPydnRO0QSophi99xDpA03Iwlm%2BH8nskUrM673--cKgsy6mtMO1jiU200knkyobrbY7yfc%2B1KqVjvj4x3QWuF8jvJJZjeC0JfsXZBDi3h1kVC%2BQ7ReeEIB8jCaK9kRF597R1YS88rgpRoVBywo0TweEbXubeoIcHWWvyYo4rDNrfm7loLqZVwAhdvmCSGQLhjrI9AIxTI0W%2FQwUfQcngmpNrrlA%3D%3D%7Ctkp%3ABk9SR-jd_8fjZQ
images/10_Pokemon_Cards_PSA_10_Persian_075_AR_Night_Wanderer.jpg,10,Pokemon Cards PSA 10 Persian 075 AR Night Wanderer 2024 GEM MINT Japanese,https://www.ebay.com/itm/297336348103?_skw=psa+pokemon+card&epid=9074355529&itmmeta=01JWE7ZXV6WDQHVFK6HTWNFNAH&hash=item453aa09dc7:g:OAgAAOSwp9hoN9Uu&itmprp=enc%3AAQAKAAAA0FkggFvd1GGDu0w3yXCmi1ezf6KKZpwsqJY2SElH4wok160dONcevxXNPRGlSZl4FPC36thNAWOfLKnbkHUcrlcZzmwh6Hm92fOr3ILL4SOVrk%2BkBO0OzfhFjMEZ6R6OomUh8VtwPCDrIdT6t1Vu%2F5FRZGMBnlqQp7mCEg08XounqerOadA64UHQfk89%2FXw%2BZGBZDwDHAFxJ9bgYYMOzMfmwjlsQfwp%2FGJ8RLSa5Kejo8v1z0RmWV5XnasN4P%2BA5OeUzD3E0Qhj7NbzBB6mqbhg%3D%7Ctkp%3ABk9SR-jd_8fjZQ
images/9_2017_Pokemon_SM_Black_Star_Promo_SM90_Full_Art_Rai.jpg,9,2017 Pokemon SM Black Star Promo SM90 Full Art Raichu GX PSA 9 Mint,https://www.ebay.com/itm/146417253224?_skw=psa+pokemon+card&epid=25043363872&itmmeta=01JWE7ZXV6V48K91CSM4DXCYWR&hash=item221725fb68:g:nYQAAOSwWgdiUVVB&itmprp=enc%3AAQAKAAAA0FkggFvd1GGDu0w3yXCmi1f3nKj0wxAnFpqJHFWUyiKgSoEiHTwIvc%2B4l00Ih6eGJkJheziQaXYjlBOSoVUeWlhhGfl%2BXHK5KcobgnpksV9ZuPYiHCKvWX7twEx85idcgE3AOdd0tp6lDqoql8N3sL%2F6vG8MOzZY5slOIk9S31yAtL4JozfzIQHFL4IcnUTOqIfieN3eRoqN2blppblQwopKE4K88ampD704kAY4ZEpBKmUS7zHO%2BVrjMfW2%2F8QoSmu7ZBg06cwWI24tl9Aeh3k%3D%7Ctkp%3ABk9SR-jd_8fjZQ
images/10_PSA_10_Gengar_074_CHR_Full_Art_2022_Pokemon_Card_J.jpg,10,PSA 10 Gengar 074 CHR Full Art 2022 Pokemon Card Japanese Dark Phantasma,https://www.ebay.com/itm/157036265646?_skw=psa+pokemon+card&itmmeta=01JWE7ZXV6SS0MJ09VKSPKES6W&hash=item24901740ae:g:GUEAAOSw3~xoN151&itmprp=enc%3AAQAKAAAA8FkggFvd1GGDu0w3yXCmi1ci3Ifj%2BF7GtfAwbmk6dkM2%2F%2BhHcbhL62vDB5MwLIOfDE2lUQAJDSozqz6C3gTnPmYOkU6S1LvcAD0j434XQ%2BDBzwCKxYUrqxYcWsPNKIALveENCEceZ92MzWih9i7VwtAebJb67snjyJLGfgW2gmNRb%2BDRIvdCnoCx0z2FQJJrIHu9c3yTjnzySuyLl%2F8BNYNiPkczW2x0w8ecYeB2w9iSvcJsg0lIDNTlGWVerMPli0NkrxuBSozeg%2BnQ2tkQv1mHyKf8XQvH9WYpg7x%2F1u0TqlsrjeSbaHK%2BAhmrae7%2B0A%3D%3D%7Ctkp%3ABk9SR-jd_8fjZQ
images/10_PSA_10_Gem_Mint_Psyduck_175_165_AR_Art_Rare_151_sv.jpg,10,PSA 10 Gem Mint Psyduck 175/165 AR Art Rare 151 sv2a Japanese Pokemon Card,https://www.ebay.com/itm/187033776085?_skw=psa+pokemon+card&epid=17074363097&itmmeta=01JWE7ZXV65PM1SNGMATTFXQR9&hash=item2b8c14efd5:g:s6UAAOSwyTJnz3dE&itmprp=enc%3AAQAKAAAA8FkggFvd1GGDu0w3yXCmi1fPC3sp33clSnNCRKpSSfBC8aajgmjVnCuUnPv%2FcsRPtHrEwOb3uMN6ew12Q277uYHhIKLMr1piVnZ5wXDXE2ef1yyR5hdoaodwvTMaF%2BA7ltLU08qwqBZmOVbS3z9Cxot4b0uTELAJVB3n1FtqaukQfNhesJ5or1KfgJQymPekIorcqjkcGaiamNJFt57jvg1XMc4kcndd1f3dL5NvUEYjHRzzMDm67Ebtv3zW6mIVDPNTbMZ3W7BIgp2Nmt%2FuNvsXPea5tsGoHuU%2FdqbQdAagXu79OYN6rC0RsDdaXqZdJA%3D%3D%7Ctkp%3ABk9SR-jd_8fjZQ
images/10_PSA_10_Detective_Pikachu_098_SV_P_Promo_Full_Art_J.jpg,10,PSA 10 Detective Pikachu 098/SV-P Promo Full Art Japanese Pokemon Card 2023,https://www.ebay.com/itm/135735111162?_skw=psa+pokemon+card&epid=5074368822&itmmeta=01JWE7ZXV644G3BBTP762XVVJ7&hash=item1f9a716dfa:g:NW4AAOSwi3RoN4FY&itmprp=enc%3AAQAKAAAA0FkggFvd1GGDu0w3yXCmi1fMRbqx8WvuNSfwN56HPpjRD8hlSB57WeHqE6Gn6ooVSG8vFqcCxiFFFipeLkwjkb8S5emkz9sWT%2FbYy0zK8ANJ8D%2FDEQJbfqplTioKUK5jAiDmgC%2FJwwsrolRMm5ceYvN9rrzVM7qcMm7D7k2OHN1qAQCPWatAd26ZLCSIihJ8sCE8V78eqd6qvYwPD0kOi5h9RsSGQ9FRauXhWkRRBIfmBBPmafm%2BxpYMTVJbRx5W9kQPRyQYiOPlfCisZpadjCo%3D%7Ctkp%3ABk9SR-jd_8fjZQ
images/10_PSA_10_Nagaba_Pikachu_208_S_P_Promo_Japanese_Pokem.jpg,10,PSA 10 Nagaba Pikachu 208/S-P Promo Japanese Pokemon Card 2021 Yu PCG Campaign,https://www.ebay.com/itm/155735705638?_skw=psa+pokemon+card&epid=18058547073&itmmeta=01JWE7ZXVRBMP72GSF209HA636&hash=item2442924826:g:168AAOSwMNtk543M&itmprp=enc%3AAQAKAAAA8FkggFvd1GGDu0w3yXCmi1clmwR6ZfEnO1NZZG7OUjfXoc57A%2BLIX1XDSH5LnVBvrzq7SOI5Dj454mIWsDls3M%2F96yO2NNMmhgQX4nARluERebUiGo19pxwsFTYyXbgnyz3WYWy1lbwzgLLPQWb%2BgXZ74seYpG4E8smyz2s7EKSmUQv8PnXMDlq%2FMpuEGBAFSlvhYEVXsiUzctKu2natS44Q7S7kZDUjdIaXc98MVISu%2BRQWiF060JcxICOei0rJuO13sPIrXK%2FooU5UHmmXIocH5V%2F86863ihj%2FfPIgBXjdfnlanK9K6PsUQirrcHU5zg%3D%3D%7Ctkp%3ABFBMtt7_x-Nl
images/10_Pokemon_TCG_Maushold_081_Japanese_Art_Rare_PSA_10.jpg,10,Pokemon TCG Maushold #081 Japanese Art Rare PSA 10,https://www.ebay.com/itm/135779689672?_skw=psa+pokemon+card&epid=20074361773&itmmeta=01JWE7ZXVR326SJ3RAPK6NBNSJ&hash=item1f9d19a4c8:g:7pYAAOSwr79oOFry&itmprp=enc%3AAQAKAAAA8FkggFvd1GGDu0w3yXCmi1dpuDuwQg8FvzP4Ugp9pAICk2IATixigqrHsB0KvY%2FZr0e%2BiJifhI1gOTTlgR6hkkYggZmt%2B3zISx0y0wda8eZ9FzE%2FpEnLXSjm8pa34wB%2BJuomdoTCWSytY5zdmCxfL1Y3MoJZ7kcJHRS2m%2BGc053Gxcm0bHNPokpGwPeu689atBsSavxtO4hhqaYQ5DVlD%2FXSzn%2FIslVyWMuDdEJ5OPVmO8XqHJ6%2FpCCZip1ukpOF66bHgvDu9xmTrIergg21woH7bkT0hONBEu87kzZh5DS1YqIytZEDpsnQegfA4xAnkQ%3D%3D%7Ctkp%3ABFBMtt7_x-Nl
images/10_PSA_10_Alakazam_ex_203_165_Alt_Art_SAR_151_Japanes.jpg,10,PSA 10 Alakazam ex 203/165 Alt Art SAR 151 Japanese Pokemon Card,https://www.ebay.com/itm/356994982480?_skw=psa+pokemon+card&itmmeta=01JWE7ZXVR9RMSKBMNPM2NFAZ7&hash=item531e8f2250:g:zp0AAeSw3DhoOGs5&itmprp=enc%3AAQAKAAAA8FkggFvd1GGDu0w3yXCmi1fERVF9UsocACU%2Bkg2BqysrTaJu8UpPUob1A8r%2F5Gmnlr%2FiJy5gNoxNj7lY0QyA1gtVVrGqOEb7Jj0hxBhUYO6v%2FcLEfYMnNVgb6zAfpbGoQ4YT%2FaBKCvRrDOTvd8tU7Af8Evb%2BpVCpOKTX8nj2U5ayBYy85qGELPy9TW8svHbG%2BmXa5uFzx28yjDyd41ZxQ1CPXbwULYVhd4Rpu9WvlZDcT3f1XT4KvXrh8K%2FLUUzgb9SRcudToOfNDbEVqtxCthAnJ6bgW%2BTYT6Fat519%2BDlug88ncOCMZSwvJJIRmL1XQw%3D%3D%7Ctkp%3ABFBMtt7_x-Nl
images/10_PSA_10_Magneton_AR_112_106_Super_Electric_Breaker_.jpg,10,PSA 10 Magneton AR 112/106 Super Electric Breaker Pokemon Card Japanese Art Rare,https://www.ebay.com/itm/135869098607?_skw=psa+pokemon+card&epid=20073642563&itmmeta=01JWE7ZXVRMA64VJ2FF2Y5C41N&hash=item1fa26dea6f:g:OqgAAOSwR8BoN4Hw&itmprp=enc%3AAQAKAAAA8FkggFvd1GGDu0w3yXCmi1fKniK6dZsOXkDfCBPn8KLM6vlpc%2BS6iiLI3cD1GdyIFO0bWhfdFUaComJf74gTHugoOoNe9VxKr6%2FB6%2BMNmV7nF%2BIO%2FDnb4R9dxfeVm6SU09EWvwIaMty1fGWbd2DGnOS7V%2F3t0nWZ9X12TCB7VzV7GZUZbPo7PIaul8esre8yR%2F9wJ1AsMqhXbJk6p6Es8uRRjEGqbTPKLApuzniOWYsOnsjpzHhDUiCSzJn6KzciqarD%2BgeKwythlRbAkpNhAuffPoOHwyzisyCg%2Bvx3OyICRB0tgsv31YMZ05CCavtRHQ%3D%3D%7Ctkp%3ABFBMtt7_x-Nl
images/10_PSA_10_Thundurus_139_091_Shiny_Rare_Paldean_Fates_.jpg,10,PSA 10 Thundurus 139/091 Shiny Rare Paldean Fates PAF Pokemon Card,https://www.ebay.com/itm/356994623869?_skw=psa+pokemon+card&itmmeta=01JWE7ZXVRZM3SHFD2TDWEEQVW&hash=item531e89a97d:g:BZQAAOSw86JoOFz8&itmprp=enc%3AAQAKAAAA8FkggFvd1GGDu0w3yXCmi1dJuaEApKlFf5%2FZRPJh%2FZ%2F9GwaTSGp7R0KyIyMpQf7YgsaH90zm2DqMUkAfCvrA6%2BL90ETJZIX99a%2BHL%2FHC9c%2BR8Qm00sSCSu7aITCgxXAEW%2B%2FzXik1IafVr0cQFV2lD%2F1pX6fwa4tZ7HHA%2B5%2FRI2%2BimsH9O5VOVvH%2BvKCClFNKED7mibCyOLd2ybLnXUHVCV5nJezv6uIxEmAphEH0UqMlr2m%2FbH9BqNDZ9Byu5RaCxvuTrqScltvEeFsztIgkH%2FQsP9BcNJfN8%2FpNrfhIfsyadV5p8q3ue7qzTevkGsxPHA%3D%3D%7Ctkp%3ABFBMtt7_x-Nl
images/10_PSA_10_Nagaba_Espeon_066_SV_P_Promo_Japanese_Pokem.jpg,10,PSA 10 Nagaba Espeon 066/SV-P Promo Japanese Pokemon Card 2023 Yu PCG Campaign,https://www.ebay.com/itm/156678853726?_skw=psa+pokemon+card&itmmeta=01JWE7ZXVRRHJ83X5246M837TH&hash=item247ac9945e:g:qyQAAOSwU5lnpcP7&itmprp=enc%3AAQAKAAAA8FkggFvd1GGDu0w3yXCmi1edb%2Fh%2BumotmH6eNm55wjCsVrUhJ86TIfYF6hC5k6BG14t8boqDGJq1Wd1q9OOlNhE%2FNEkyY53VcQdG2fa0MTINe00dxS8zB7OvKAqJZfROAhbvHg6WsjKZgT6zFSyZJRi1uuqeOP2vQfU%2FFOTb82lu%2FFaIQvY%2BVwBiU8AUtYnkSxf1mBiYtLQphE3niPlogXtvjQj6tIS7dKIJ6Xlu6lDj8rT1jcB2a2WsJeVWo%2BMGk3kHT59Nm3C%2FdxxVnsZpG%2FcfnjpXjnhOXZDrXnN2oLcSpOxAN3%2BnWtZWvH503mFVag%3D%3D%7Ctkp%3ABFBMuN7_x-Nl
images/9_Pokemon_PSA_9_MINT_Bandai_Carddass_Series_5_PRISM_.jpg,9,Pokemon PSA 9 MINT Bandai Carddass Series 5 PRISM HOLO Ash & Ritchie #190,https://www.ebay.com/itm/325619924519?_skw=psa+pokemon+card&itmmeta=01JWE7ZXVRP8ND8B3RNQMPZH5Q&hash=item4bd075be27:g:deYAAOSwmqBkPDMI&itmprp=enc%3AAQAKAAAA8FkggFvd1GGDu0w3yXCmi1eVKHyJnyz5wWPIPOr9%2FABtYJM3bdGtHTEoJ2vd9E0Xcc0MK%2F%2BUnyUlc8ylewkOyY9JWaAxfkjPdDouRhIqx2gkSvYrZITWilhQfAXAMsdl8%2BG6SK6xN3pibIjjwLtUYgBD5HNUfq3%2F7u85ZJ15BZ7cPKESVzv3ry1yyeHQt9XV%2BwR1I8rzxt4S5xVtDUbzuzi9p%2Frmj4l%2BQbEEVA7HY8J19BUwJ2YK9VPMCA1zqtLbjlGEXf%2FR2evogwt9mSGxO24EP1sgysUNzEh4Hsz%2FCgdn%2Fayiuop2ilDl66V7S1m1Gg%3D%3D%7Ctkp%3ABFBMuN7_x-Nl
images/10_PSA_10_Drowzee_Art_Rare_AR_086_078_Japanese_sv1v_V.jpg,10,PSA 10 Drowzee Art Rare AR 086/078 Japanese sv1v Violet ex Pokemon Card Game 151,https://www.ebay.com/itm/135673332730?_skw=psa+pokemon+card&epid=9074355304&itmmeta=01JWE7ZXVR5QPGP3YQR8PYXAK5&hash=item1f96c2c3fa:g:9rgAAOSwJsZoOFpV&itmprp=enc%3AAQAKAAAA8FkggFvd1GGDu0w3yXCmi1cc2gvd3xbBww8j0pGklsGGTCZxeEjJL5PbwpFFOO%2F6E%2FP846j%2Fx7YXBGY0CNsYas5q4XKKEaR9zBXvjt9R%2Fm6%2Fk8euqlsqX5xjcQDeL9V9q1FM%2Fnh4bKb9PGTs%2BEWlfVADPEvxCFB3%2FU0%2B45N6ZU%2BxZBmnhvC4lAsHVgvZBUbMfj5UJ1IsxLaRtH6HRPI3kxJ48rDbnw4ryDPYjWAHtISupQ5bGSoSCJLwklyVc50Jfntt%2FG54SAkvo%2FKykZ8q86rD0z9Xv1kAoGWMlH92MhRPnGOxhC02M1kPr4%2Bvkc5H5g%3D%3D%7Ctkp%3ABFBMuN7_x-Nl
images/10_Guaranteed_PSA_10_CGC_10_Graded_Pokemon_Card_Myste.jpg,10,Guaranteed PSA 10 CGC 10 Graded Pokemon Card Mystery Modern Vintage Box,https://www.ebay.com/itm/126878064451?_skw=psa+pokemon+card&itmmeta=01JWE7ZXV697KHCW7S2Q7V2BQ5&hash=item1d8a859f43:g:FTgAAOSwOi5ngqEX&itmprp=enc%3AAQAKAAAA8FkggFvd1GGDu0w3yXCmi1dppfaASLpvz06VUdm1kbMdWuEJfTfVP0ZspgaO0ZY7U8V3oFx5jTOQxZVcjnrQWRRmaJ8Sbo8VYVy26bgv6yjupR4RTOfkNIJ7k7OF5AsBuvaEwl0MibqY%2FmyWTVp3xfCafNO9JYXOKACc21LgV9caA45exXq%2F7W1dB--GuS6h2TGvE7jCX3fIuGcaBGxBmkWEpbe4bcatjU72G6BPajH159su5IXfJqUJ9jPVy6YXJPUPpvE0Dja%2Fy1POMme8W%2F4mmFDZDHmjqvXbOF%2BcdpTgyZbUgMDbC88C30OBRY3R7Q%3D%3D%7Ctkp%3ABk9SR-jd_8fjZQ
images/10_PSA_10_Gem_Mint_Magikarp_080_073_AR_Triple_Beat_SV.jpg,10,PSA 10 Gem Mint Magikarp 080/073 AR Triple Beat SV1a Pokemon Card Japanese TCG,https://www.ebay.com/itm/155551110422?_skw=psa+pokemon+card&epid=9074355234&itmmeta=01JWE7ZXV6DZVPR8HEXDSKH0RJ&hash=item2437919516:g:e3MAAOSwgupoN~aU&itmprp=enc%3AAQAKAAAA8FkggFvd1GGDu0w3yXCmi1eQSGRyPcLR0Ye%2FTPypK7bSq0BSWK%2BLHFCnmBz4gfQTwzc6y11Pl0js%2Blr1CtsOt62n0RLhcihbnLgtmdeMUC8tijbhTjLRUA4eNWsosMuw1tWOaHnpD5ugIG53aFy7Iwjt%2BahIMH2hsq7l99GBfYCX7Ji6CFB--6CVnS4bhRBQ%2B4F7kjzbhROgvJi8%2FcpWp9CqqTGXNyQXyAdM1iQC%2FknE2A7udjXWhbDltAfSjw4foTf7bnl8wjRrCX4uMUCiVfr8%2Fy0FUGyjQlM1nAMmTXa9cGP00c8ETN7BenLzhLWdww%3D%3D%7Ctkp%3ABk9SR-jd_8fjZQ
images/9_2024_Pokemon_Shrouded_Fable_131_Kingdra_Black_Star.jpg,9,2024 Pokemon Shrouded Fable 131 Kingdra Black Star Promo PSA 9,https://www.ebay.com/itm/116615736493?_skw=psa+pokemon+card&epid=21071607772&itmmeta=01JWE7ZXV6VEG22WJ82KWQCAF5&hash=item1b26d6ecad:g:8oMAAOSwN9RoMRGQ&itmprp=enc%3AAQAKAAAA0FkggFvd1GGDu0w3yXCmi1diKmVQxGpBSGxogCnYOUwLy2v8NpaDfmmvHfpteQs1clDV7aairgEjkJGlsU%2BsHcMYavUFZcRlOeTfH8TQiSYN%2F8aHDukicNnMPoIXImB%2B7tUIxX55UWSCBqw3NEzw1mpP09PL3GTwnGtAvsqutRsQsaTECddxbacgLWPsYboE%2BViJbqrNES5KuW05eQnQRqA4Cu7QPrrkQc1p9IRy70yCZSv8AsCJF3xqBTBGz9%2Bnxzso07YvqqZgv5eop9gLfZU%3D%7Ctkp%3ABk9SR-rd_8fjZQ
images/10_PSA_10_Gengar_074_CHR_Full_Art_2022_Pokemon_Card_J.jpg,10,PSA 10 Gengar 074 CHR Full Art 2022 Pokemon Card Japanese Dark Phantasma,https://www.ebay.com/itm/155416717980?_skw=psa+pokemon+card&epid=25073631555&itmmeta=01JWE7ZXV69NYPP5RG8BF6KMF9&hash=item242f8eea9c:g:JFcAAOSwdbJjgxD6&itmprp=enc%3AAQAKAAAA0FkggFvd1GGDu0w3yXCmi1ePEZQd%2FC5AXdPNCqCKchrXQJpftfFsR0W5Uxd%2FwNKYg%2FICLiQz0LOHqQ%2FJjl83JkKQR69oPwPUPh%2BEsCb%2FkeAyjwpUdE%2B70P2j2ZCjzN9cAOJzAqu9ovUgw0iwzF9z3H8msKV98dcWzL%2BGaSGVquo4w%2B2N0AG23at8%2B43%2FyayyezOZ00GIVoOkqDPgRFhVkeFO5BzbdNHMBdkylN0W%2FPb7MkEmUalH9kGXvdq1s4A5WPplmhFMs6KwWFV0hdRakJc%3D%7Ctkp%3ABk9SR-rd_8fjZQ
images/6_PSA_6_Rocket_s_Zapdos_145_Gym_2_Holo_Rare_Japanese.jpg,6,PSA 6 - Rocket's Zapdos #145 (Gym 2) Holo Rare Japanese Pokemon Card,https://www.ebay.com/itm/316842213138?_skw=psa+pokemon+card&epid=6074374289&itmmeta=01JWE7ZXV6EWJ3V3537KBHRWVC&hash=item49c5447f12:g:aNoAAeSwEFRoLkD0&itmprp=enc%3AAQAKAAAA8FkggFvd1GGDu0w3yXCmi1ecu81HgXuKVeM7SHJWaO4gr4nrCr%2Bfp%2BCF6Iwgy46T4FGYuKExToD95KAEVEfKoADLtkggCmv9qMYBe4VOfv4paotUovQc60iGN9%2FRo%2FeIf3MI3tlR75EmtgYKR%2F8DxaYpCTD%2FgrjTxoxGunfg9nDmec2ZvxKaXe9wz336vf38738tTduW4TBYfTSBd6%2B3NZn3iDtFCKrnQepQBTUGpp4jYWmPcDTvozO1FThqpoVGj%2FIw%2BSIp55LLv2nn3wmzA%2B92ZWNVOQzNO%2B9wWByz4uTlXA6imnBeXgy3L9u%2Bo4wztw%3D%3D%7Ctkp%3ABk9SR-rd_8fjZQ
images/10_Pokemon_Card_151_Charmander_AR_168_165_PSA10_Japan.jpg,10,Pokemon Card 151 Charmander AR 168/165 PSA10 / Japanese Pokemon Card SV2a,https://www.ebay.com/itm/135525000220?_skw=psa+pokemon+card&epid=14073633001&itmmeta=01JWE7ZXV6XWTRYM8PX7SHSSPV&hash=item1f8deb641c:g:svUAAOSwKUlnmwlM&itmprp=enc%3AAQAKAAAA8FkggFvd1GGDu0w3yXCmi1ePmF96mj6cDNor6gE%2FVAXFrrzUbmer1jusM1mLv%2FjCpdhhI27FHO34XXPs%2B55sxxHiNHgIY4gJxkwbedjd7X9E%2FmD%2BTQEqNhRYG%2B9ho737vvkdJFW%2BE1b2P9rtlo%2FsTMA4o%2BY0hEww1M6NpwxeUOoaXpTGUxkXbOeycxaUyMYJZ4y5fU%2Bm5EQtEZxGHWUWmvBnsJu9mlw9CnUG3alJjUjbj7pgzNsMIElH7bfgM%2FcwFZ5DyslPOhpL3Aub6L2%2BiHNSVSE6GidmEKSVQUhds5T9sHi5J97uaWdyZnCTFrMuZg%3D%3D%7Ctkp%3ABFBM6t3_x-Nl
images/9_1999_Pokemon_Japanese_SNAP_PIKACHU_Trainer_Card_Vo.jpg,9,1999 Pokemon Japanese SNAP PIKACHU Trainer Card Vol 1 PSA 9 PERFECT CENTERING!!!,https://www.ebay.com/itm/177136443785?_skw=psa+pokemon+card&itmmeta=01JWE7ZXV663XRG0MDE1P2MBC6&hash=item293e27a189:g:B4cAAeSwI9RoOHDW&itmprp=enc%3AAQAKAAAA8FkggFvd1GGDu0w3yXCmi1cR8bySPqF4qMyhAn5sttlzz9A74fChy%2FhLn7ES3SioWx5ByTZCQekA3ljot6AKyN%2Fuyea2dsnlEL4NgBuJ2BnbsxURMBs9r9LqwktusxFh8VAFlEyaYn3k3ILE56ZBIhz43ESyFVLF28Zj6GJMCmkZ1lRIUZval2v4Ri9y4KSTq04hWZtgimp0Mheh78pXqUQJoNpfhB3FbsvcOgTw9PMSfxOrnEqFg%2FPfnvx%2FmClR%2BOuH0vDqRXva7Jogi3pnMrNuHqwkjDqA7rR%2FPA9Q4LYyLZYok653Hvgy3z1ufkxOcQ%3D%3D%7Ctkp%3ABFBM6t3_x-Nl
images/10_PSA_10_Nagaba_Pikachu_208_S_P_Promo_Japanese_Pokem.jpg,10,PSA 10 Nagaba Pikachu 208/S-P Promo Japanese Pokemon Card 2021 Yu PCG Campaign,https://www.ebay.com/itm/155735705638?_skw=psa+pokemon+card&epid=18058547073&itmmeta=01JWE7ZXV69R1NFCC3JTAGYDCZ&hash=item2442924826:g:168AAOSwMNtk543M&itmprp=enc%3AAQAKAAAA8FkggFvd1GGDu0w3yXCmi1clmwR6ZfEnO1NZZG7OUjfXoc57A%2BLIX1XDSH5LnVBvrzq7SOI5Dj454mIWsDls3M%2F96yO2NNMmhgQX4nARluERebUiGo19pxwsFTYyXbgnyz3WYWy1lbwzgLLPQWb%2BgXY0OiojSVPLZmTP2Ph2V40tTdGlTYZEXoRzvqGffZsnJiXBUQF8UzgWIrCloceAtdEbdyg1UytKcUlnKjN1iIZn70J6ynGkJihWe%2FW%2Fmzx63y1jhbqGjPpc30xVSUxtunS1ZLHKj0DJwlC%2BtHdeO9FpSihYsqGxWFbNhw4kQ3ZAng%3D%3D%7Ctkp%3ABFBM6t3_x-Nl
images/10_PSA_10_Alakazam_ex_203_165_Alt_Art_SAR_151_Japanes.jpg,10,PSA 10 Alakazam ex 203/165 Alt Art SAR 151 Japanese Pokemon Card,https://www.ebay.com/itm/356994982480?_skw=psa+pokemon+card&itmmeta=01JWE7ZXV68F572QX4YEVH00NC&hash=item531e8f2250:g:zp0AAeSw3DhoOGs5&itmprp=enc%3AAQAKAAAA0FkggFvd1GGDu0w3yXCmi1cprKdcd02XccIxrpsMMxVVsvk1PfOtAEbAg74%2BSna0BAUt0hF%2BTp1RNkR7jo4QLNygd1uLVFNYeyB%2BS5G2moOD%2B94dQTNH%2BYULZxxlWw3XmeYmk%2Byb1J%2FbzSOOj1zvW5CRxQ%2B5NAPSBrNmp50SZ%2BHzGXrNkqQf%2B8BvQhYjCD66FYs5mPoOz4XLPAB9Dlm2VZ1c9cxHvkhMLWU%2B7iKV1J4w5NxBK%2FQktA3IqRTDqjCi5UYZC0xQX64rHsIKCgTIaW0%3D%7Ctkp%3ABk9SR-rd_8fjZQ
images/10_PSA_10_GEM_MINT_Radiant_Eternatus_105_159_Crown_Ze.jpg,10,PSA 10 GEM MINT Radiant Eternatus 105/159 Crown Zenith Holo Pokemon Card,https://www.ebay.com/itm/205453248528?_skw=psa+pokemon+card&epid=5058603054&itmmeta=01JWE7ZXV63JVWJFRJE7S1FB3K&hash=item2fd5f7c810:g:XecAAeSwWXpoD85I&itmprp=enc%3AAQAKAAAA0FkggFvd1GGDu0w3yXCmi1caIpKwHMrI8Z%2FBPcI27j4BqOp7qIxtXfjYKowzTqYBvh5IigjAJP9nGNl54h2bSYxk5uVnbTjXBbPS%2BUgMJOrbjNbd%2BR7imONyjKzBv6jhpLZ%2BF8hFiErDIqSPPSnIyzQpb75%2F3xDXiMwBIO7nLdlHibjVGjtPcbQaSbue7%2Bx%2BSV8wpnFL7EsRbRXzlRu5jiqk0tFk%2BihyK8Qo1MIcxFr9D%2BT8jKwx967bA5A2VoMgxxbMveBNHAzkB5EGPRKy9Q0%3D%7Ctkp%3ABk9SR-rd_8fjZQ
images/10_PSA10_Steelix_Mirror_Pokemon_Card_Japanese.jpg,10,PSA10 Steelix Mirror Pokemon Card Japanese,https://www.ebay.com/itm/405908730580?_skw=psa+pokemon+card&itmmeta=01JWE7ZXV6J74Z2GXVS84E56HS&hash=item5e820bb2d4:g:tUcAAOSwXL1oOHGP&itmprp=enc%3AAQAKAAAA8FkggFvd1GGDu0w3yXCmi1cviBMv8VstnYkqFp%2BAt86ek7vRuNz2cGbCyM3xVFiF5Z0pAwcA6Yh0gw7KmLq36kt7SE80oLWjgZHrcK43OrgOzNB3PfyPq1KJmCahVgQrNGZ05cUxyzOJgTL%2F6H%2B8Y7utzGdREtUZsHpuwHs1wkx6cqxc081zINTCtR%2FMy9j6s3XiFoK5mXlwIJWqHmLRXx42BwGa7fuObsHDzQu9S%2BORTOzjXSkqSFMssvyJFbLDK6bGYeMpV3q4Fp4v4L5Q%2FJTaEGqIULXuA6FvWuVDrmDJrjo40dd1Us7G0zr8WxihSQ%3D%3D%7Ctkp%3ABk9SR-rd_8fjZQ
images/10_PSA_10_Gem_Mint_Squirtle_170_165_AR_Art_Rare_151_s.jpg,10,PSA 10 Gem Mint Squirtle 170/165 AR Art Rare 151 sv2a Japanese Pokemon Card,https://www.ebay.com/itm/187033768341?_skw=psa+pokemon+card&epid=10074369981&itmmeta=01JWE7ZXV67D3NSEVCFFM6MGS7&hash=item2b8c14d195:g:YXcAAOSw2vVnz3bI&itmprp=enc%3AAQAKAAAA0FkggFvd1GGDu0w3yXCmi1cPr9rQgV6yAgKEewtnsLJhiCksKI13Z1OBgDEMVteaKST5DDS9690Nj5mG6%2BclZuhDpI2zHmBF8f0hFcOnh3mGPPlwpomjMOPaYfyxGEyo6JazJKNncl%2BX%2B4P%2FUhRVz%2BlbvOHgYwfnMpi2CSCNM3HS%2FUymnYf%2BiBvmVrbdNB5fdExXjXGeOztIoaIXNb2Q7pqmGKx%2BGx%2BJwCU3azJxkv8slVFG5RQhIxNYDwXujWH4EsBiHDK1uJDVAi8QsauGYJ4%3D%7Ctkp%3ABk9SR-rd_8fjZQ
images/10_Pokemon_Card_151_Charmander_AR_168_165_PSA10_Japan.jpg,10,Pokemon Card 151 Charmander AR 168/165 PSA10 / Japanese Pokemon Card SV2a,https://www.ebay.com/itm/135525000220?_skw=psa+pokemon+card&epid=14073633001&itmmeta=01JWE7ZXVRTJ7Q091ADGWH8K9E&hash=item1f8deb641c:g:svUAAOSwKUlnmwlM&itmprp=enc%3AAQAKAAAA8FkggFvd1GGDu0w3yXCmi1ePmF96mj6cDNor6gE%2FVAXFrrzUbmer1jusM1mLv%2FjCpdhhI27FHO34XXPs%2B55sxxHiNHgIY4gJxkwbedjd7X9E%2FmD%2BTQEqNhRYG%2B9ho737vvkdJFW%2BE1b2P9rtlo%2FsTMAehDEg9B8m0xGQW%2Buwaj0XWM0K4Hj%2FQxO%2BOPDq309p9EAPayFZ685J2LQJjjZyQzCdLkI8MdH5AzSEaSY6IIiqMZYsgrezO%2B0C1vxAbbs%2Fqw4OmLxPXjvLO6aZYB5rcsnXANOa06Yqx%2FxHCJkGB9utQuDroJroYoYjFnh%2BhBkkRw%3D%3D%7Ctkp%3ABFBMtt7_x-Nl
images/9_1999_Pokemon_Japanese_SNAP_PIKACHU_Trainer_Card_Vo.jpg,9,1999 Pokemon Japanese SNAP PIKACHU Trainer Card Vol 1 PSA 9 PERFECT CENTERING!!!,https://www.ebay.com/itm/177136443785?_skw=psa+pokemon+card&itmmeta=01JWE7ZXVRE1RDNCW48GK3FR9D&hash=item293e27a189:g:B4cAAeSwI9RoOHDW&itmprp=enc%3AAQAKAAAA8FkggFvd1GGDu0w3yXCmi1cR8bySPqF4qMyhAn5sttlzz9A74fChy%2FhLn7ES3SioWx5ByTZCQekA3ljot6AKyN%2Fuyea2dsnlEL4NgBuJ2BnbsxURMBs9r9LqwktusxFh8VAFlEyaYn3k3ILE56ZBIhwwJl4q62IHpGG51PXVovnPJ0Np2R%2BCl%2FyxLXao8AU2NbP6qfV9kb9gmHNOXjW8dpSNuh%2FUKIE43LEoGhYswX5K2h18WhwLttNjpyTJAZWpxFXQQ%2BhRJRwjT%2BIaULMvjJk8jAXAXqOuZBmx5%2F2IFE3xCq5aOVS4ZuaC7h6KARV2Dw%3D%3D%7Ctkp%3ABFBMtt7_x-Nl
images/10_Guaranteed_PSA_10_CGC_10_Graded_Pokemon_Card_Myste.jpg,10,Guaranteed PSA 10 CGC 10 Graded Pokemon Card Mystery Modern Vintage Box,https://www.ebay.com/itm/126878064451?_skw=psa+pokemon+card&itmmeta=01JWE7ZXVRXBB3GJYAWEGX5J3G&hash=item1d8a859f43:g:FTgAAOSwOi5ngqEX&itmprp=enc%3AAQAKAAAA8FkggFvd1GGDu0w3yXCmi1diP7CByvuOpc3oE3jUee%2BNH510kPvSuk8Ns79162eIYeafg%2FnCGo%2FF6IlFR3ShPNNyn2p2AVjji3hWChyD9j7nQ0Wy5Hr0q5plDYS4nUVPU4bVvd%2FtA3j9c5lYOa7p0C4L0evqoGisBF5UgwcliuCyQM6Osys8NUJ%2BpU7Aa7fC9ejU1trsBt6bjuYYWlB5YFHy5suxy4pIxi18fbR3tOLasKIjaCtSBryBM74TACLISMOAl9JTB5smBz4k2NEs7LIn8SHNGz1Fac6Q0jDEVipq7NEsKjHeayXdMhfXBLu8uA%3D%3D%7Ctkp%3ABFBMtt7_x-Nl
images/9_Pokemon_PSA_9_MINT_Bandai_Carddass_Series_5_PRISM_.jpg,9,Pokemon PSA 9 MINT Bandai Carddass Series 5 PRISM HOLO Ash & Ritchie #190,https://www.ebay.com/itm/325619924519?_skw=psa+pokemon+card&itmmeta=01JWE7ZXVRHSTR4GRVRHTXFZ8S&hash=item4bd075be27:g:deYAAOSwmqBkPDMI&itmprp=enc%3AAQAKAAAA8FkggFvd1GGDu0w3yXCmi1eVKHyJnyz5wWPIPOr9%2FABtYJM3bdGtHTEoJ2vd9E0Xcc0MK%2F%2BUnyUlc8ylewkOyY9JWaAxfkjPdDouRhIqx2gkSvYrZITWilhQfAXAMsdl8%2BG6SK6xN3pibIjjwLtUYgAIdU87y1cGNOlDoETpYd49Sbe5cenzlQSh1Cmp6BdnqNAODl9nwREp6wvIodNB9WGPtN3jaUOSn9WH3zAE2g7LwOuIl%2FBe1W6sCzzLf64%2BJkLu69eY4l%2BirbnEvXxbjL%2BVncnn6cxhiDknbW8vD2eAp1Ma3rqHRPdwO5RaNvNKMg%3D%3D%7Ctkp%3ABFBMtt7_x-Nl
images/7_Pokemon_Card_PSA_7_Charmander_004_Bandai_Carddass_.jpg,7,Pokemon Card PSA 7 Charmander 004 Bandai Carddass Japanese 1997 Pocket Monsters,https://www.ebay.com/itm/126608465833?_skw=psa+pokemon+card&itmmeta=01JWE7ZXVRJP087ESYX69YKEM8&hash=item1d7a73dfa9:g:Tb0AAOSwpjlm6fNm&itmprp=enc%3AAQAKAAAA8FkggFvd1GGDu0w3yXCmi1fFUohG2%2FY4gVosCo10M8usWTn9qTRd39CCMSXHodr09uO--4Pib%2Bb9EGggQn9VAZT5%2Fqiy9mGc4KCHyzTeIpmr9W%2FV5VH%2Bsx37T194ZiUHUBRC7T2Krkq3lnB1cWD0tncD%2BiliuNoznfM4hdiE0qmypsU3cktqzLjshN%2Fnvc%2FmjOyo3kDVFJorhMkWL8PEQ2y9zpPcXsdcM2tKcuhOLeHgshbglh%2Bmi5T0Hr6wjZhpcdayyjsiYe6y0UK3gsKyn5zKe81xTNFrkXvcj62EYNp7cPFKK%2F3nHPhzO%2BJJgQ%2Bf0w%3D%3D%7Ctkp%3ABFBMtt7_x-Nl
images/10_POKEMON_CARD_METANG_HOLO_31_HIDDEN_FATES_SV31_GRAD.jpg,10,POKEMON CARD METANG HOLO 31 HIDDEN FATES #SV31 GRADED PSA 10 GEM MINT SV31 #31,https://www.ebay.com/itm/167548033577?_skw=psa+pokemon+card&itmmeta=01JWE7ZXV6X7TN39DXQ43TDPHS&hash=item2702a41a29:g:z78AAOSw-rxoOF2C&itmprp=enc%3AAQAKAAAA0FkggFvd1GGDu0w3yXCmi1dZzzh4jFQ35%2BPLIH0OCh7L%2F%2BYBLKUReDkz0KgvUB2onH0ZTB0lbDFK5M%2Fo0q97hg6nxgDfR0vISKdB8QimSPcgyzZiAEs%2F1jqwEggmyrmmwfG%2FW2Jin%2FCzdPfpbbGNt98h6kSWFfshpqhSSwmj3GHb8TV6E6oRXN7wwFjB9kMAjEKMy7lsl1TmX63j4hMCFE6kPZz2Dou5pIT3Y%2BAqwDz9yC4LCAKjBcXfQe0praaoK93cnWT%2BpnU1aXWrCHZG%2B2M%3D%7Ctkp%3ABk9SR-rd_8fjZQ
images/9_Glaceon_V_175_203_Alt_Art_Evolving_Skies_Pokemon_C.jpg,9,Glaceon V 175/203 Alt Art Evolving Skies Pokemon Card PSA 9 Mint,https://www.ebay.com/itm/146595783002?_skw=psa+pokemon+card&epid=22048925338&itmmeta=01JWE7ZXV6AHJ417C8YMVK94QP&hash=item2221ca215a:g:iPoAAOSwAg1oLO7w&itmprp=enc%3AAQAKAAAA0FkggFvd1GGDu0w3yXCmi1cRk2myz5TqrjiO%2FFWyOwsVb2eo5lemYONgrqTvf5unsl06ktDx9eoBy9Re504BtF%2FijeKMDJqO%2FV1OfCtslgx7kTUNrXjcEbgftv7V1g%2Bz4hKVfL7HifDjaFVsye2UPexNRudQvIH5Id6MIytHAhXeOsJ7h8WSn7HnPkYWrpzpLbRyi1vOMXi2kVaxx4VGgeoeKq0nR5gvKX1HF%2B2zimFJdKszTcVbDJxEci3MEqf%2Bw7sl5v1TGhxC4yZlTQ4gfN4%3D%7Ctkp%3ABk9SR-rd_8fjZQ
images/10_PSA_10_Snorlax_181_AR_Full_Art_Pokemon_151_2023_Ja.jpg,10,PSA 10 Snorlax 181 AR Full Art Pokemon 151 2023 Japanese Pokemon Card,https://www.ebay.com/itm/157012131908?_skw=psa+pokemon+card&itmmeta=01JWE7ZXV6R6470Q4S4A5N8GD2&hash=item248ea70044:g:1QIAAOSwYABoLnj3&itmprp=enc%3AAQAKAAAA8FkggFvd1GGDu0w3yXCmi1fu4JddF%2FL5JTqMwzxnEc9Kd8KAL6VmOadt0wff3Wxn0iTk6g7LNk5%2FnN9HK9o4RdVFMBWqwU3UjbKBMgeCn%2Fz0yvqZDYTGoFa4oILYpxgUanZNTs%2Fs%2BzE08B3msN6NpM21JoTPkfwYeVhVinseop%2Fk7v%2BqI5C4t36HxoQ7VnapmGb4JsIjBIpeygBfkifzRf0u%2BMkTlq14f3hR%2BAm%2BKGk5ETbMf4cRkZsU1fz%2B4LLUJ5RYEon1XxD7ElZ70I7HdG96MbtmMkx7k41FWjwQCldFNAN%2BwKIQCRoGqkcJbxf1Hw%3D%3D%7Ctkp%3ABk9SR-rd_8fjZQ
images/10_PSA_10_Gem_Mint_Wartortle_171_165_AR_Art_Rare_151_.jpg,10,PSA 10 Gem Mint Wartortle 171/165 AR Art Rare 151 sv2a Japanese Pokemon Card,https://www.ebay.com/itm/187033753306?_skw=psa+pokemon+card&epid=5073651000&itmmeta=01JWE7ZXV6D3XTJWNTKJCQSZ9Z&hash=item2b8c1496da:g:4PIAAOSwf05nz3OE&itmprp=enc%3AAQAKAAAA8FkggFvd1GGDu0w3yXCmi1d7ZKdng%2FxP1NoiXcohPGrg7Y0DHVDZQ5WulzV9yAh0BuzGlVZIIR%2BU%2Fglbxz%2FUPn4XbCvsaNdrUuUVStWEU7badJafvdlMPACbE0s4QARXMBkmGSevrT--VqD5XcKO40ZEmRJ5FpeVeyGF0iB%2BRnBGMQrsqbBMci3w50%2B087%2Bs%2BZkAaodTa36kWg40etIeDFEyJW2x4EJM0BQoM%2BTvXxFHaxgSsQugcH87P1HIb2brBhwQenR5LHM4qzK99VZPD6s6Cl3QoLHWDaGHPGZ9qcE3GfUOrJiS7Lic9zWujW8ZIg%3D%3D%7Ctkp%3ABk9SR-zd_8fjZQ
images/10_2023_PSA_10_Pokemon_Crown_Zenith_Hoopa_V_Full_Art_.jpg,10,2023 PSA 10 Pokemon Crown Zenith Hoopa V Full Art GG53/GG70 Card Gem Mint,https://www.ebay.com/itm/396662696904?_skw=psa+pokemon+card&itmmeta=01JWE7ZXV6B0T4SR0DTYWFGN10&hash=item5c5af06bc8:g:9zsAAOSwNYNoNlmm&itmprp=enc%3AAQAKAAAA8FkggFvd1GGDu0w3yXCmi1cIrG5XXG4%2BKxo1jGxoIchi798JDF63bAGOYjVeZQaQV7s2%2FxRb59zZ0AinKeDRzvfLTXF9mEI9%2BjxXkms6%2BnWQs0vLyDWoyIQIAXQLsqcq1bYPio5W2Gy3N%2F93%2B62v%2FHmx0zkfz9UgPJnhSlTSjawU2HdY8WKs4IqjWy35NrTjlquvjq39aHMABKoST01xCCPuaCDi2M7ojZ7coM%2Bk4MEIqOFqLkA0cBI77hCVRZV8ki%2F97DZd53Z%2FBc0w4eWSWtq4XFXDECdhwLzOZnk9hCdlG1s2ZbJRd7AIrQo%2F0MhdOw%3D%3D%7Ctkp%3ABk9SR-zd_8fjZQ
images/10_SNORLAX_181_165_2023_POKEMON_JAPANESE_ART_RARE_151.jpg,10,SNORLAX 181/165 2023 POKEMON (JAPANESE) ART RARE 151 sv2a   PSA 10 GEM MINT,https://www.ebay.com/itm/116623895338?_skw=psa+pokemon+card&itmmeta=01JWE7ZXV6V49SD7YQM4N3ZF32&hash=item1b27536b2a:g:2dIAAeSwb5doOG4k&itmprp=enc%3AAQAKAAAA0FkggFvd1GGDu0w3yXCmi1fxtTc5u675EE8oWq%2BRvzsDiFo6MvhezT8CESQ9TMJy1HMpBhN5XIjzQoFjCIElvwoC9Kb2LE1TO4ZQBPh%2BEo5gu8g6ZijYKCfIh9jz4eu9WKoQTA%2BlQ56KChK18SkhPh30E8pTjNUT4Fbf18NY5VMnFxg8A3OumSAz8YtTwO61lbiYAoB6XWiFa0XXx25P3Y9uic5AdXUmVmX%2BGt5AjKLYMT5HyBzcE0DSdDGsq5szgAQeB1TH7UMeoWyLAQcYcF4%3D%7Ctkp%3ABk9SR-zd_8fjZQ
images/10_PSA_10_Phone_Card_1998_Pokemon_Kikaku_Pikachu_s_Va.jpg,10,PSA 10 Phone Card 1998 Pokemon Kikaku Pikachu's Vacation Horizontal,https://www.ebay.com/itm/256581171405?_skw=psa+pokemon+card&itmmeta=01JWE7ZXV6S3ZSXT8YVG6NB7KN&hash=item3bbd6df8cd:g:H9AAAOSwA7hn9LZb&itmprp=enc%3AAQAKAAAA8FkggFvd1GGDu0w3yXCmi1c8gAYVVf%2Bv0FoLHp106lZo5xXj8j%2BMRYrelD7thMkEfNOdTw%2Fx6r6gLB3aZsCpQ6nMRqOKqjA5hnop0NUBxydPZi0hqoRyb0HhdLBu0r5l3%2F9%2B4FL0IZl%2BcVn8awP5UYgq5Aru0dzb%2FlnLsqhb0tUEyM8M%2FHYamaK1vhcY8Z96rtUJxjDhJccqHo4BdjifgqYJFR0UGev2%2BPifIwFU%2FwV8vdRwPndF9jiAt7L9nEvAL9Bx2RW4OxmRnoiqzuz56PXfDGGX6Ypp8IEv6g9UC8P8NhSwORFdgsQJQYqDvN6JsA%3D%3D%7Ctkp%3ABFBM7N3_x-Nl
images/10_Pokemon_TCG_Maushold_081_Japanese_Art_Rare_PSA_10.jpg,10,Pokemon TCG Maushold #081 Japanese Art Rare PSA 10,https://www.ebay.com/itm/135779689672?_skw=psa+pokemon+card&epid=20074361773&itmmeta=01JWE7ZXV6KVWB7VZY8Q1QCA4Q&hash=item1f9d19a4c8:g:7pYAAOSwr79oOFry&itmprp=enc%3AAQAKAAAA8FkggFvd1GGDu0w3yXCmi1dpuDuwQg8FvzP4Ugp9pAICk2IATixigqrHsB0KvY%2FZr0e%2BiJifhI1gOTTlgR6hkkYggZmt%2B3zISx0y0wda8eZ9FzE%2FpEnLXSjm8pa34wB%2BJuomdoTCWSytY5zdmCxfL1Y5xlgA2Y%2FlLMxsiGz1UOgOUOgaQR2RER6M7miB%2BIjiDLWgM32hmPod%2Fn8vVGUjFNp2W2K4hYx46EzUT3cXc62Ggos79ZF%2FinWbWkKp%2BikVoxFogO%2FsKQekuz26VH6bElO4SX6wiF4r%2BvS%2BzNOMkjOyo3UDulzn%2ByM9LCAN3r%2B5OQ%3D%3D%7Ctkp%3ABFBM7N3_x-Nl
images/10_PSA_10_GEM_MINT_Slowpoke_Psyduck_GX_011_094_RR_Mir.jpg,10,PSA 10 GEM MINT Slowpoke & Psyduck GX 011/094 RR Miracle Twins Japanese Pokemon,https://www.ebay.com/itm/286605617134?_skw=psa+pokemon+card&itmmeta=01JWE7ZXV600W9D3831V6K9X9M&hash=item42bb06a7ee:g:7V0AAeSwuaxoN~0a&itmprp=enc%3AAQAKAAAA8FkggFvd1GGDu0w3yXCmi1fHI%2BEFZRGJSs68RwLl4aRI7p8mgD1nRJrOXWJ9CxvaEHr8kq7irIqMv9crvogN1KJz9FdFeAEYLOUy9I%2B%2FFI%2F2f20NOHCeUdD1wR0E5zRrVlKvP3%2FzAQ0WwEDN4CnraP5K7bveKmYKhSMeEl1FFgwKa5saQAAnl6nJlLZDUYZxVW6Pd0vv1F%2FNxOV4ux4fA10u7Ta220iwNCohIupA2VGa01WA3P6hQffd85p2muOlNV5mob2Q5EQ75R5WuZsl1ADvFMyLlZpX0KhdQMXqhsWDhrwclsQCj3JuW%2BWUsYQxjA%3D%3D%7Ctkp%3ABFBM7N3_x-Nl
images/10_PSA_10_Drowzee_Art_Rare_AR_086_078_Japanese_sv1v_V.jpg,10,PSA 10 Drowzee Art Rare AR 086/078 Japanese sv1v Violet ex Pokemon Card Game 151,https://www.ebay.com/itm/405906863551?_skw=psa+pokemon+card&itmmeta=01JWE7ZXV6A3SDGA0KW7YP3RSS&hash=item5e81ef35bf:g:M~wAAOSwkd1oN5Rx&itmprp=enc%3AAQAKAAAA0FkggFvd1GGDu0w3yXCmi1fur36yuK%2FoezZkMZ%2BOVi3NRZi1WQVyh2WpyEiMlFx7fRUuMgKIR5H5eblIBDwGrX6QL%2F%2BTdgvRp7oOf6iJ%2F9gj55DtM5gHbFC0SCh%2BXYvB9cR6D9LZhAbUVHAU15RpZwAGupEyWalyk1x%2Bv9Ox2lzT4M3vfKgLYzzFambq8rnlNbPsH1vG6VsXnS%2B5BCzoQWkfbl8AXi%2BLExRSdAGEUSHcUogCk5Tm%2BMfxH51b1V874UO8gGodA4sHOXJ2FbmgWSU%3D%7Ctkp%3ABk9SR-zd_8fjZQ
images/9_Pokemon_TCG_Miraidon_SVP_013_Black_Star_Promo_Scar.jpg,9,Pokemon TCG  Miraidon SVP 013 Black Star Promo Scarlet & Violet Base Set PSA 9,https://www.ebay.com/itm/256952354930?_skw=psa+pokemon+card&itmmeta=01JWE7ZXV630D0G74TE2XYAF0A&hash=item3bd38dc872:g:RS0AAeSw-ltoOHB2&itmprp=enc%3AAQAKAAAA8FkggFvd1GGDu0w3yXCmi1e7O5dPT0tCu3TwpBVcaIOUf27nrwAlPXYyvKeFumD9OfZkceRJuaP9Qw%2FUP8xGk6rlHSEFZtwKL0r6qGwBYaITJ8E%2FKiF%2BdBkHkLjWWDTIGZtDYvwvi8%2Bp0dsQzbDlzF9LMHKX3U%2Fe3e7nuIpewWwAe1w0SMM6eg5oYp9gbMrUIyFbdRASWyI60rMBwgFxOPr8Sl4tF0WFX4%2BGpFgyTz%2BqD6jQo9xc6RL%2Bjq3it1ghd3qJJLN3tdWEDk%2BteH9xX0M7u%2FS6b7ZrP4zdSfOEXOHDsHvATEKXKG5hp4wFd3SNEQ%3D%3D%7Ctkp%3ABk9SR-zd_8fjZQ
images/10_PSA_10_Magikarp_AR_080_073_SV1a_Triplet_Beat_Pokem.jpg,10,PSA 10 Magikarp AR 080/073 SV1a Triplet Beat - Pokemon Card Japanese 2023,https://www.ebay.com/itm/356701597662?_skw=psa+pokemon+card&epid=9074355234&itmmeta=01JWE7ZXV646V5PC4124BYWW8J&hash=item530d126fde:g:18EAAeSwwBdn4Dwr&itmprp=enc%3AAQAKAAAA0FkggFvd1GGDu0w3yXCmi1cfBoReJFPQQDcZxKfjJU5ftcIjGxP7WLgw1iO3TxodHrqDkNHOe9%2B35nKyzeQ0L8Dyhk3Dq3Kzi551ZNZqw5Ly%2FR5t2qavqeXOAH67yB0fuxn6Ub5qK4lZ1JEAoo%2BC0xWWQqGHVHs2jjA2IgVBIB3kU2FznGMMKhM%2FCq0HaRDuXYeHWzus12gewITdIGs1aGAqxioNlr2zz2ymbiCTKdzC1aUZs46Yy7209Uxa0DHx3Ci0%2BGA2TRxvNJFHCFEal2c%3D%7Ctkp%3ABk9SR-zd_8fjZQ
images/10_Wartortle_171_165_Sv2a_Pokemon_Card_151_Holo_Japan.jpg,10,Wartortle 171/165 Sv2a: Pokemon Card 151 Holo Japanese PSA 10,https://www.ebay.com/itm/388486749895?_skw=psa+pokemon+card&epid=5073651000&itmmeta=01JWE7ZXV6C1AMDRRP3ATYPFC4&hash=item5a739d5ec7:g:mYEAAeSwlcpoOGiL&itmprp=enc%3AAQAKAAAA0FkggFvd1GGDu0w3yXCmi1dLRWVNenpxIJn0BM6Yy9eHmyy5bMIuEo2a3b1pdFI12T%2BCTqlSxjzY64VQnDeF8dqygHa6kXwmgNVbwysVT8e0g2zyVFv53axm5DVult6WC2jYwuvBIWYCSIcghtD%2Ffojso6oNiHtJR3TYOIfuZWYKpwb39sK%2BT0BBTdDQ4M9PfgErMDx5veKcEdmdZXrbE2kQqDW%2Bn1wmkKDZFb33Y4hwngmyupVAYmlKBsEbv3nDvm%2FGqLtXWCf3q4i1cReXqUY%3D%7Ctkp%3ABk9SR-zd_8fjZQ
images/9_Venusaur_PSA_9_Celebrations_Classic_Collection_15_.jpg,9,Venusaur PSA 9 Celebrations Classic Collection 15 Pokémon Card Mint,https://www.ebay.com/itm/365346915701?_skw=psa+pokemon+card&epid=19049841319&itmmeta=01JWE7ZXV760AMKQDWZNC9XRN7&hash=item55105f8575:g:JaUAAOSwnVNniRhW&itmprp=enc%3AAQAKAAAA8FkggFvd1GGDu0w3yXCmi1fT1rqiGQrGyfOJx73e2ab%2FYR2s2LdFTVgfYcsCd3Dvtu%2FnrF6q6gF3XB7icN2CHdDuLxJLs81rCf2DmhO41bs8gSbPt12IuZBTK4K%2BpNz0jXMPkAyuStYUHgHLFyD9gXiDj9uC%2ByX%2BDgJWaRDsObkkJw0bUqaG5iLjMvsR%2FhV%2BrWjwTWzHIauo2%2F0SFh7cPybigs1kiXPwYgXaj9oKp4%2FGWhevpgwyVXcPXj4A0FQ7jL6i%2BgR4tIGyCn0tGUShkNYK2Zx%2Ba%2Bi4a4hcTrAaTlgGMwyP7mwzgNLj7H4Buz%2BMRA%3D%3D%7Ctkp%3ABk9SR-zd_8fjZQ
images/10_Yu_Nagaba_Eevee_s_Sylveon_070_SV_P_PSA10_Japanese_.jpg,10,Yu Nagaba Eevee’s Sylveon 070/SV-P PSA10/ Japanese Pokemon Card PROMO,https://www.ebay.com/itm/135720639206?_skw=psa+pokemon+card&epid=13073637164&itmmeta=01JWE7ZXV702PC2YSR8S003XH9&hash=item1f99949ae6:g:zk4AAOSwZ0JoBgNv&itmprp=enc%3AAQAKAAAA8FkggFvd1GGDu0w3yXCmi1c7ejP3cDIPoeWobDL97bEUdFluEw59jgB2aDFf9QH%2Bb0Qgwv71cwlYN7k8Mxmu%2Bd7AyBNuArcatx5sDPuMXhNN4eXgLNoZDzs5%2FJ3xmg2rQ2%2BDggsF8A5PjcUbNJIBnnvbNoO2cyDYs93vsbgPeQg%2BkLBpdm%2F7xrsjc9HHap7WA0rAf8tOZKGLqwrrgXZiwI9fhJKMEUxi3FROokgRpI7BcW4fBwuVJfriLT4MVYxgJRdBci1cWxVUcGF8qtEw5%2FCxQLfD8dS3yaMkVhIF9O53RaQHC0xxCCf%2FuVftTYbEZw%3D%3D%7Ctkp%3ABFBM7N3_x-Nl
images/10_Yu_Nagaba_Eevee_s_Jolteon_064_SV_P_PSA10_Japanese_.jpg,10,Yu Nagaba Eevee’s Jolteon 064/SV-P PSA10/ Japanese Pokemon Card PROMO,https://www.ebay.com/itm/135720648419?_skw=psa+pokemon+card&epid=8073644847&itmmeta=01JWE7ZXV7C6HBP0SVM2TX85XZ&hash=item1f9994bee3:g:9CYAAOSwCX5oBgW1&itmprp=enc%3AAQAKAAAA8FkggFvd1GGDu0w3yXCmi1e4AaEGZsRNgL1du4ZhVCCwKurQhUZQvwLV95cJcvCywTUK78YxgX89yYR64ymKwj2bI7qgu%2F%2BZ8AclXXVfbBQJMpXElsf681ZFQbhpwsq3OSkq53ieAOCRauMkxpTg5e0E3tGXKbEdUHxnLf4ZK9FtvvgfMjJAQcjPuSz9mbKJd7vREqZ%2Bv4MTS1xqk%2BWOiPfskG6GER3GjP9OWCAx0L1UFsPTMTXLQLS2aoIb2MH5uXkbow92RzLXhj%2FPeRzjKZcDE0IqERKwUBtyjHK7tl8pGNrEPWlyx882laSF902lIQ%3D%3D%7Ctkp%3ABFBM7N3_x-Nl
images/9_2025_Pokemon_SV9_JP_Waillord_AR_PSA_9.jpg,9,2025 Pokemon SV9 JP Waillord AR PSA 9,https://www.ebay.com/itm/146584288311?_skw=psa+pokemon+card&itmmeta=01JWE7ZXV7XA45M70YEBNP86JN&hash=item22211abc37:g:ZqgAAeSwmJpoJgqB&itmprp=enc%3AAQAKAAAA0FkggFvd1GGDu0w3yXCmi1dLBJ2yB49XESQqVchgr6enbBfGYXTlj0JRRWu7gBdJcA9Voa%2BHBvh%2Bhb5RcRWA7QMfFZdz8HHqV4pg5CWMHTdpS6DMQ4nMFwXyHbiB9Tc%2B2XrepraTrQ5wriEAaw6MZgICV7cffk6KAO%2B3JlooSqUy9iWLU2plVgPiE5zsjou2CM8upaA8pg3Xh1GFCYG%2Fa1kFPtHF1q6JiVOkwnQ04pFT5QYYjzT7%2FzwWuJK8u%2Ftg7lnhlvKOIJV6aHw%2FtwzR1yM%3D%7Ctkp%3ABk9SR-zd_8fjZQ
images/10_2023_Pok_mon_Japanese_Scarlet_Oinkologne_EX_Full_A.jpg,10,2023 Pokémon Japanese Scarlet Oinkologne EX Full Art SR #96 PSA 10,https://www.ebay.com/itm/267268189733?_skw=psa+pokemon+card&itmmeta=01JWE7ZXV7AX01CWCFGSQS0P2P&hash=item3e3a6cee25:g:dQwAAOSw-TZoOHEy&itmprp=enc%3AAQAKAAAA8FkggFvd1GGDu0w3yXCmi1f7IyzNwx155sRz%2FxE9kWi7nYVPca9WABeP0Kzit0P8iRru7JTvMRvXnOHzuJl%2FdJavFiH1hJVaRdkhRM1bPKbQRJRcobQTTnp60BMmTOvfNwceTIVP%2Fd54gN6rX48zbBO4xZJjYWhBOObDLzlAhuf37ZpGa6mQzjRMo2Z7R2w%2FKfXmROgNkDCopqnCckjqOASH1wzt1BejfTITKZdD%2BYO4JRDTRcadxr3ooiUNeI52wGGK831r1Du9VGE3%2FJALLuqoSPwoTTsTkU9qgK309qYMuOGQwKke9QOJTfuZnhl9nA%3D%3D%7Ctkp%3ABk9SR-zd_8fjZQ
images/9_1999_Pokemon_Charmander_46_102_Base_Set_PSA_9_MINT.jpg,9,1999 Pokemon Charmander 46/102 Base Set PSA 9 MINT,https://www.ebay.com/itm/197366761320?_skw=psa+pokemon+card&itmmeta=01JWE7ZXV7JKP9Q9G99HFD5E85&hash=item2df3f9c768:g:5EkAAeSwp5poN6Os&itmprp=enc%3AAQAKAAAA0FkggFvd1GGDu0w3yXCmi1c1vCqZjDeLkhGVeYD0KxDAsifyWSGQvhABo%2BUfNLhwPpOTqLsyWUo7lPzfO84sU4boq8cFpCj%2BElm8l5UxZpTMXity5bnriq6JCsEyL2rXCtdUriuXL%2FxbIVkLAGJTN%2B6LnyxSDSXrQYXwW5xaLgvGeijiVpTj19rtMAsJUK3H%2FA9R6zF258dr5wOlCBgDWdIOY%2Bq459C5YIQ4wuPWwLPsoJH6wWx0OHrSVWwz8AOpU508wtbjKTFSYl0H%2BQ89imM%3D%7Ctkp%3ABk9SR-zd_8fjZQ
images/10_Mewtwo_V_PSA_10.jpg,10,Mewtwo V PSA 10,https://www.ebay.com/itm/127142781520?_skw=psa+pokemon+card&itmmeta=01JWE7ZXV7ARXD1EJ7H0KY7CNA&hash=item1d9a4ce250:g:qmgAAeSwM8doOGjU&itmprp=enc%3AAQAKAAAA0FkggFvd1GGDu0w3yXCmi1dFs6vMGucsDI%2FZHw6DqrhOctTXlG6UYRBZvvy8NUXtfnC6%2FH%2F1Ffr0zQZ0nZPPX6uMKbkU3kYagA41st1W%2FfaCpkGlT%2FSWI%2FpGaIx2JFRBtbM9vEJXc02qE9j0v8%2B4dCiYjU0Q7IRqSsSOodKQ7lSL2HyKCC7MQquNGUwbgSu1We63k2Cyxc18WkTzaGlkUpP%2FsvsvHjpsgLmrKcjMdJT9u08JP71Ie3J0E%2FckWRBZ5r2HV%2Bwihi5EEgGzDjLANEI%3D%7Ctkp%3ABk9SR-7d_8fjZQ
images/10_PSA_10_Gem_Mint_Mewtwo_183_165_AR_Art_Rare_151_sv2.jpg,10,PSA 10 Gem Mint Mewtwo 183/165 AR Art Rare 151 sv2a Japanese Pokemon Card,https://www.ebay.com/itm/135882142010?_skw=psa+pokemon+card&itmmeta=01JWE7ZXV7CDHRR53600ENR1FB&hash=item1fa334f13a:g:DRIAAOSw2NtoK9pS&itmprp=enc%3AAQAKAAAA8FkggFvd1GGDu0w3yXCmi1fYaKUfEzKnO9KBPzMrCpHpBRQ4a3BniLxhGXNexMsHwxi221OStcUoGvR2Lf3NhCaHrQrdq3UsWbVTuPIwwRDdb5uP%2BhDfYJSmJSsqV3eF8A1rrrjQCu%2BpKitbKHVyJhZTzV8MLEKA39kwhfXXjDOVcdGuJjI8pDN0OYGj5RFYqFf3LSBYhsurZOHdnsESeulFXIsYtflrI5ndmx1d4zif2M8RtegT1uewu4006U%2F2um4SkLFiGZW5F4KfNKXjxxFki6SiszL3%2F5BiRscEJSQo6xsHxNXeYtKYVx8b6RcTKg%3D%3D%7Ctkp%3ABk9SR-7d_8fjZQ
images/9_2022_Pokemon_Japanese_VSTAR_Universe_Grant_Full_Ar.jpg,9,2022 Pokemon Japanese VSTAR Universe Grant Full Art #238 PSA 9,https://www.ebay.com/itm/267268160489?_skw=psa+pokemon+card&itmmeta=01JWE7ZXV791Z78V07D15YWVBC&hash=item3e3a6c7be9:g:tB8AAOSwbsFoOGzP&itmprp=enc%3AAQAKAAAA0FkggFvd1GGDu0w3yXCmi1dh4f%2FtyJLu7cBPn1GxLz2c5KathtZq%2FZSCyxOQUyRpFHiJqGo2C8WdSgTOsCs4nbD2mv9W74ru0U5sfaNU2vY4NyC1mX4rXv82HNN%2FMmEHZQe1zndtO0ppH2%2FsI%2Fz4b9MUJewwFh7snUIXgtozuBgiRu82E6JFVvPJow8cinHgjpHGOgMAtALiKNqfffCUxrrZbXX77mWhRNXfIPJ896kY5o3CrtT82uPbsS6yTMbnqyw5F2SES2XACvszEPVCwoc%3D%7Ctkp%3ABk9SR-7d_8fjZQ
images/8_1997_Pok_mon_Japanese_Rocket_Dark_Hypno_Holo_PSA_8.jpg,8,1997 Pokémon Japanese Rocket Dark Hypno Holo - PSA 8,https://www.ebay.com/itm/256945238159?_skw=psa+pokemon+card&itmmeta=01JWE7ZXV75DYWCJXMQ7J1MYHZ&hash=item3bd321308f:g:5qEAAOSwwzJoMhTU&itmprp=enc%3AAQAKAAAA8FkggFvd1GGDu0w3yXCmi1eGh19XB5%2BxlILKHYt0QJm86TaZeyPM8Ode%2Fipk%2BG4FcREM%2BE7wPaOIZBvl55RhYiXrZWXmFHBf%2Bc9t7awU%2BGJE384EDGsNem4thbrLV1Vy0au3HAdj5EqlFhOs0MyrkRCg6n4yZ8Q3Y5hcSUUqDCsPMIVe%2FSV0Uh1raVCV36ZHt23umcQ4y7s4jxxQk12FbE99LypvxCOePVmkRDJjUmx%2F5ma6%2FKhbmB7fmEhJAOLP3vQUhubgmKbCpjN3CoChsaPoXPCEKbqNeXk3%2BdXrsnpywEzcsBQt3GPJB8AEqXep4w%3D%3D%7Ctkp%3ABk9SR-7d_8fjZQ
images/10_Pokemon_Vivid_Voltage_Raikou_050_PSA_10.jpg,10,Pokemon Vivid Voltage Raikou 050 PSA 10,https://www.ebay.com/itm/376213317467?_skw=psa+pokemon+card&epid=17043371770&itmmeta=01JWE7ZXV7G63WG8HKF5V7E72Q&hash=item57980fa75b:g:4JsAAOSwXUBoEy~D&itmprp=enc%3AAQAKAAAA8FkggFvd1GGDu0w3yXCmi1eEYzgqNELNZQhA%2Bu9BWt3CITZfD8Mv%2FMQ9fjSoA3ZxMwGQ%2BtEvuq4j%2F4tJoG6mokUob6Ys2hF7X0VMQnOvwJZ4wh38VpLeqXzVYifh%2BtXhMo%2Bge%2Ftux4RnaPAQrNf%2BZ4Mdr3Q89qoED%2FqXkXa7EuGDHqyyTaOnUdh9Mcsa%2F0RJkN4cSQFQKlDc5UgUaPSFXVFDd5oXF%2FCRvUC3pD7qb5PDpak6sXogl964S1wdKTQd6S58oMm7rMeUyxqtYDWae6nAcjU%2FnDpy4MRzjBOOAJ8EhgAJ%2FlMeZ9ZrXDsOGhVj6Q%3D%3D%7Ctkp%3ABk9SR-7d_8fjZQ
images/10_Eevee_078_066_PSA_10_GEM_MINT_Japanese_Full_Art_Ho.jpg,10,Eevee 078/066 PSA 10 GEM MINT Japanese Full Art Holo Crimson Haze Pokemon,https://www.ebay.com/itm/405908549098?_skw=psa+pokemon+card&itmmeta=01JWE7ZXV7D5AP821RENYKG9MC&hash=item5e8208edea:g:Uw0AAeSwXV5oOGCN&itmprp=enc%3AAQAKAAAA0FkggFvd1GGDu0w3yXCmi1e1QILK5hZLNNsV7ew6kRhTeEeuV94f34fNaYRYpceArp4DxeU4nWJJ13bVV9FrWn%2FdNPiqmrodQXyJ7V5p%2FNIfEHBqcZ2azrTh0sqp79OyMXfxB8wQJS2itL2YY6onzsiHgmhI%2Fm8t7DWD2bprt9kUppabb8mPuBMYwkbWpVYBl8J5x8vl%2FQMIEgGl7GcVqVEsAhfh7sOACKc55WZVnyFD7%2BdmVWaRKyyG9gdxNI4dR8Kq9sWjWZr6fWgnORG2gqE%3D%7Ctkp%3ABk9SR-7d_8fjZQ
images/3_PSA_3_Dark_Charizard_Holo_6_1997_Pokemon_Japanese_.jpg,3,PSA 3 Dark Charizard Holo #6 1997 Pokemon Japanese Rocket,https://www.ebay.com/itm/316842189433?_skw=psa+pokemon+card&epid=7073653586&itmmeta=01JWE7ZXV7Q8KWNYNQKQC0X1PP&hash=item49c5442279:g:~a4AAeSwqppoLkCN&itmprp=enc%3AAQAKAAAA8FkggFvd1GGDu0w3yXCmi1fpN5pvhZ1w4%2FHrQxwF1W11Jtks%2BCp0kCnIoBJrK%2FjfJ3d3%2BH4zAICuRc%2FNqbCMJuuLL6sQCtqhZryDTz0k0wjmNy7EzteYVtNYxJdI%2F2fbwCZ%2FJlfzGZq1FZWQCLXCJetJl6V9GBq4Qkwt3wBGTNBLo%2BZ1kDAoAnr4aKvNWhzcv%2FqvH8uMRoJ%2BGyw18g4M4n57VrFNy0lQREX0TCZhx3zuFUlFyUevsh41fHTMvr8lBZO%2F8hrhIKkcaUuMyqEBF57KbOl%2F0XwZpb2uV%2FV7tLPD8VfWC%2BGXqCy8VXqa%2BLsjUA%3D%3D%7Ctkp%3ABk9SR-7d_8fjZQ
images/10_PSA_10_Pokemon_Card_Charizard_VSTAR_212_172_SAR_Ho.jpg,10,PSA 10 Pokemon Card Charizard VSTAR 212/172 SAR Holo Japanese VSTAR Universe -2,https://www.ebay.com/itm/157036265650?_skw=psa+pokemon+card&itmmeta=01JWE7ZXV7N4C1AE25M7Y3WZKS&hash=item24901740b2:g:dwIAAOSweSVoN1k2&itmprp=enc%3AAQAKAAAA0FkggFvd1GGDu0w3yXCmi1fsP6Ema6fCW9SkpnXO9jZI8u5JOtmGkTdqjVRv2N%2F%2BuYbVUm4r6SJ1j49AVvV9SdadbbwFJdxRr96UGYqn6T1t%2FV%2Fmk%2BStjVHwidNn%2By8sAXCQg36FHh6aMTrWawymisy5iyAJTyBQeXX91VMPmtbGPO8Z2TOnUlH%2FQDKplCvBssQ%2BzTK0iy5DYi3F3a9dcCPNMe%2FPa8vOuQ%2FP8eL2jcX81E09IZ4zEhI47eCqxMzmTlceWaN2wWQ05XWNPBpdBaA%3D%7Ctkp%3ABk9SR-7d_8fjZQ
images/10_2020_Pokemon_Shining_Fates_021_072_Kyogre_Amazing_.jpg,10,2020 Pokemon Shining Fates 021/072 Kyogre Amazing Rare Holo PSA 10 graded card,https://www.ebay.com/itm/157028743169?_skw=psa+pokemon+card&epid=6044758221&itmmeta=01JWE7ZXV73TV4Q8AXCGJ7CR4X&hash=item248fa47801:g:83AAAOSw655oNL5N&itmprp=enc%3AAQAKAAAA8FkggFvd1GGDu0w3yXCmi1crCxx8lO1EwSGHcgIIBeinvbFeQjLCtK%2BjJNDwtLQhIfrYRbR1YRyc7Ibt1rt%2FSmA1ddqieSb2hJ9VBDVFkGHGW0jbeb2cCNbXVNTblC7YPgUphngwMtZ41Z78OkNwpK2T2KR0FYc1Mf9xzXE%2BEOpRuM6yZ0yVJUfb7Y%2BNEkcj4vDiLfamiIkmKUuUQaM3xVCoBZnx3lXdpvCKEIL9Ad6%2BiCJodnC0yDdkFR85cq48BBbkS7Nqz5roe%2Budtbemp8aLuZ09rZCLJpDgm3b8QmRSNS4d7kwm4djHwK9DFL6HGQ%3D%3D%7Ctkp%3ABk9SR-7d_8fjZQ
images/9_Electabuzz_1999_POKEMON_GAME_MOVIE_PROMO_2_PSA_9.jpg,9,Electabuzz 1999 POKEMON GAME MOVIE PROMO #2 PSA 9,https://www.ebay.com/itm/127108724966?_skw=psa+pokemon+card&epid=6043385224&itmmeta=01JWE7ZXV7KBRPPMPAY4D4NACP&hash=item1d984538e6:g:RIAAAeSwEvtoIf9U&itmprp=enc%3AAQAKAAAA8FkggFvd1GGDu0w3yXCmi1ekUMLuf9xlHxHbZaBlwAg2eIVmFPR4sayjir%2BVbLfRLIg%2FRTvPw7QnZv4NRmjKXPt--uc2IAV0CcGuGlhqWnvjmT7BMPZVZeDkvqD--pDSHAtLkSrumd9XY9V0fbd%2BxbNMhjwcE7Dv30rIYd%2FmM9Yy%2Bwp1CtiZ4HFUyr1p80aFVVCQw63NT6vqhUtbQnhZMcsUIGYBG1NTGtvyR7EYk9U8xrOU9b%2BXHxVAOvaeDMVnS64I9%2BFJmV4xzu3jKDblpWnrw8l8COlfMEa96EYVC1jsI3Aw7Q5YNrWYj5w%2F3wDLwQ%3D%3D%7Ctkp%3ABk9SR-7d_8fjZQ
images/10_PSA_10_GEM_MINT_Venusaur_VMAX_002_021_Japanese_Ful.jpg,10,PSA 10 GEM MINT Venusaur VMAX 002/021 Japanese Full Art Starter Set 2020,https://www.ebay.com/itm/326532729777?_skw=psa+pokemon+card&itmmeta=01JWE7ZXV7Z4HC4PDEDZVF0JZW&hash=item4c06de0bb1:g:XegAAOSwJShn~Rta&itmprp=enc%3AAQAKAAAA0FkggFvd1GGDu0w3yXCmi1dB8vMJVNRRpHwY%2FuzMvuqDzAs9Db%2F57Y9iaX7eGZKnqPwTRJdu9W4vBIHP%2BPceCRpVpjaXfKiQPDJ6m2LPOjKIqk8YXBTkl5xiZQY59hwEsMl%2BtiapgYhvBHiy4on3BjtJPtOXh%2BIOdgiCC2glz77oxbrVYlXokpvpPYvUUBCVIW%2FRbQoK%2FtjYEuuFb%2BD%2F9vi52JYobgL8DFRGzq4gmwlY4vmJiE3ScQhcqZO1blnWpGVOGobnkvpzoiLts%2FFMgnI%3D%7Ctkp%3ABk9SR-7d_8fjZQ
images/10_Yu_Nagaba_Eevee_s_Leafeon_068_SV_P_PSA10_Japanese_.jpg,10,Yu Nagaba Eevee’s Leafeon 068/SV-P PSA10 / Japanese Pokemon Card PROMO,https://www.ebay.com/itm/135720574398?_skw=psa+pokemon+card&epid=24074358072&itmmeta=01JWE7ZXV7W7XETCQ6GKTDPYRV&hash=item1f99939dbe:g:mrsAAOSwkENoBfqu&itmprp=enc%3AAQAKAAAA8FkggFvd1GGDu0w3yXCmi1f7hrpeY8uAxcz%2FGvXZSaFjCSn5P1%2BF72IKLT9RAKApuU08acgWnOHJSfgmoepKsCWMLpwlN2qnSe1HrwlbJqc1A4f1GDkSWC%2B90aW6UYWTvr57efXYSrAErJAUZJ3AMkRbCY4H6rcXzvK2jQRWPwhNTslKXax7U06s%2FvmdAikwvdEJWlCMhNpVdWHeBmw%2BT1s455Q6l64n6t39HzBScPdBSDlDtw2isVFIi4FFZc%2BgbSX%2BgGb4ujBbLrzfOZ2cejQHihEoC1pnlg%2FWcVvEKqJQ%2FaEOR8xh293bbyLynvi4gg%3D%3D%7Ctkp%3ABFBM7t3_x-Nl
images/6_Pok_mon_TCG_SV_Scarlet_Violet_Promo_Cards_Snorlax_.jpg,6,Pokémon TCG SV: Scarlet & Violet Promo Cards Snorlax #051 Promo PSA 6,https://www.ebay.com/itm/177136137263?_skw=psa+pokemon+card&epid=2334076259&itmmeta=01JWE7ZXV7MASXF5DCW4P6XVS5&hash=item293e22f42f:g:TpUAAOSwsqBoOFU5&itmprp=enc%3AAQAKAAAA8FkggFvd1GGDu0w3yXCmi1cBZvnpePI0ODrv7%2BoC1kfnIkZXw5J18Iim54oKgLm7xhdugiDaOBYOogJEEH%2BgWLV2WYxHQa9dNq%2Bii89QWkcV%2FNU%2FhU9oE1WWJ9X%2FzKoSjvSlc4Hw4cNXL6kokNmXoCEkremlW4W2uWcyUUoTKyQK0Lk06tTf2%2BC1S4ag9W6VlMYr4G2i7bJnDXlS%2FZ4ryML%2BiatjD2QONa6TygrY8mzS1BlLMvs9dS%2FkxdHSPxJW3myZuDrczASzR24gYAtI1MsNYKdoK4FwVIiOx0ukxC6TFumh%2FBo2512wpgTrBOu7Ig%3D%3D%7Ctkp%3ABFBM7t3_x-Nl
